"Links","Images","Title","Price","Rating"
"https://amazon.com/sspa/click?ie=UTF8&spc=MTo1MzQyNDU2NzQxMTE1NjAwOjE3MzI2MzA3NTI6c3BfYXRmOjMwMDAwMzI4NzA2NjUwMjo6MDo6&url=%2FWEYOND-Individual-Slipcovers-Furniture-Protector%2Fdp%2FB0BYHPWRMY%2Fref%3Dsr_1_1_sspa%3Fcrid%3D3IIPALF9Q6F9X%26dib%3DeyJ2IjoiMSJ9.F9Y7dAdZsYnOI_x3nHQEyZFUjr7F9HZLxGKe1oQQlCEk84DgUS6eWCOr5G7EpradzL2LkRuNqoVc7I1HYUcHHav7Bc0pDGXuWoZt_dYvSLzNO97bDFCV2u2HjUvcKmd4whE3HvMUT-Q0WJ2tkhbVRLdrNbNFPvlWXAi6LQTST_rfxpLMUXbkHB_9sZAsPoP3OgOFKY3WPePbluymxm_X7F5wokwbflGy-fWQzIuWiKqkwtkTXQwTSdoLKKA69wIJujKrxOT58AYzXhXzSE0VISGYFzGqkXoSWC37TQuVpis.FF6-S_5KGkl17zt2ruhW_CZE1hxyJHxiYTkv6ultv-c%26dib_tag%3Dse%26keywords%3Dfurniture%26qid%3D1732630752%26sprefix%3Dfu%252Caps%252C482%26sr%3D8-1-spons%26sp_csd%3Dd2lkZ2V0TmFtZT1zcF9hdGY%26psc%3D1","https://m.media-amazon.com/images/I/71S-i-PnG6L._AC_UL320_.jpg","Couch Cushion Covers Individual Large Super Stretch Chenille (Sturdier Version) Sofa Cushion Covers, Couch Seat Covers Couch Slipcovers Furniture Protector (3 Piece Seat Cushion Covers, Grey)","18.","4.1 out of 5 stars"
"https://amazon.com/Yoobure-Tree-Bookshelf-Standing-Organizer/dp/B0BQBZSK7F/ref=sr_1_2?crid=3IIPALF9Q6F9X&dib=eyJ2IjoiMSJ9.F9Y7dAdZsYnOI_x3nHQEyZFUjr7F9HZLxGKe1oQQlCEk84DgUS6eWCOr5G7EpradzL2LkRuNqoVc7I1HYUcHHav7Bc0pDGXuWoZt_dYvSLzNO97bDFCV2u2HjUvcKmd4whE3HvMUT-Q0WJ2tkhbVRLdrNbNFPvlWXAi6LQTST_rfxpLMUXbkHB_9sZAsPoP3OgOFKY3WPePbluymxm_X7F5wokwbflGy-fWQzIuWiKqkwtkTXQwTSdoLKKA69wIJujKrxOT58AYzXhXzSE0VISGYFzGqkXoSWC37TQuVpis.FF6-S_5KGkl17zt2ruhW_CZE1hxyJHxiYTkv6ultv-c&dib_tag=se&keywords=furniture&qid=1732630752&sprefix=fu%2Caps%2C482&sr=8-2","https://m.media-amazon.com/images/I/61pfi70XekL._AC_UL320_.jpg","Yoobure Tree Bookshelf - 6 Shelf Retro Floor Standing Bookcase, Tall Wood Book Storage Rack for CDs/Movies/Books, Utility Book Organizer Shelves for Bedroom, Living Room, Home Office","39.","4.5 out of 5 stars"
"https://amazon.com/SUPERJARE-Nightstand-Charging-Station-Adjustable/dp/B0BDFRN629/ref=sr_1_3?crid=3IIPALF9Q6F9X&dib=eyJ2IjoiMSJ9.F9Y7dAdZsYnOI_x3nHQEyZFUjr7F9HZLxGKe1oQQlCEk84DgUS6eWCOr5G7EpradzL2LkRuNqoVc7I1HYUcHHav7Bc0pDGXuWoZt_dYvSLzNO97bDFCV2u2HjUvcKmd4whE3HvMUT-Q0WJ2tkhbVRLdrNbNFPvlWXAi6LQTST_rfxpLMUXbkHB_9sZAsPoP3OgOFKY3WPePbluymxm_X7F5wokwbflGy-fWQzIuWiKqkwtkTXQwTSdoLKKA69wIJujKrxOT58AYzXhXzSE0VISGYFzGqkXoSWC37TQuVpis.FF6-S_5KGkl17zt2ruhW_CZE1hxyJHxiYTkv6ultv-c&dib_tag=se&keywords=furniture&qid=1732630752&sprefix=fu%2Caps%2C482&sr=8-3","https://m.media-amazon.com/images/I/81pt+9hPvRL._AC_UL320_.jpg","SUPERJARE Nightstand with Charging Station, Bed Side Table with Adjustable Fabric Drawer, Night Stand for Bedroom, 3-Tier Storage End Table, for Living Room, Rustic Brown and Black","37.","4.5 out of 5 stars"
"https://amazon.com/Melissa-Doug-Wooden-Storage-Assemble/dp/B071YMTCF8/ref=sr_1_4?crid=3IIPALF9Q6F9X&dib=eyJ2IjoiMSJ9.F9Y7dAdZsYnOI_x3nHQEyZFUjr7F9HZLxGKe1oQQlCEk84DgUS6eWCOr5G7EpradzL2LkRuNqoVc7I1HYUcHHav7Bc0pDGXuWoZt_dYvSLzNO97bDFCV2u2HjUvcKmd4whE3HvMUT-Q0WJ2tkhbVRLdrNbNFPvlWXAi6LQTST_rfxpLMUXbkHB_9sZAsPoP3OgOFKY3WPePbluymxm_X7F5wokwbflGy-fWQzIuWiKqkwtkTXQwTSdoLKKA69wIJujKrxOT58AYzXhXzSE0VISGYFzGqkXoSWC37TQuVpis.FF6-S_5KGkl17zt2ruhW_CZE1hxyJHxiYTkv6ultv-c&dib_tag=se&keywords=furniture&qid=1732630752&sprefix=fu%2Caps%2C482&sr=8-4","https://m.media-amazon.com/images/I/51Zi10RYb6L._AC_UL320_.jpg","Melissa & Doug Wooden Toy Chest - White Furniture for Playroom - Kids Toy Box, Wooden Storage Organizer, Children's Furniture","88.","4.5 out of 5 stars"
"https://amazon.com/MAXYOYO-Convertible-Foldable-Mattress-Portable/dp/B0D7HS6W6K/ref=sr_1_5?crid=3IIPALF9Q6F9X&dib=eyJ2IjoiMSJ9.F9Y7dAdZsYnOI_x3nHQEyZFUjr7F9HZLxGKe1oQQlCEk84DgUS6eWCOr5G7EpradzL2LkRuNqoVc7I1HYUcHHav7Bc0pDGXuWoZt_dYvSLzNO97bDFCV2u2HjUvcKmd4whE3HvMUT-Q0WJ2tkhbVRLdrNbNFPvlWXAi6LQTST_rfxpLMUXbkHB_9sZAsPoP3OgOFKY3WPePbluymxm_X7F5wokwbflGy-fWQzIuWiKqkwtkTXQwTSdoLKKA69wIJujKrxOT58AYzXhXzSE0VISGYFzGqkXoSWC37TQuVpis.FF6-S_5KGkl17zt2ruhW_CZE1hxyJHxiYTkv6ultv-c&dib_tag=se&keywords=furniture&qid=1732630752&sprefix=fu%2Caps%2C482&sr=8-5","https://m.media-amazon.com/images/I/81YNMADGQCL._AC_UL320_.jpg","MAXYOYO Folding Sofa Bed, Convertible Sleeper Chair with Pillow Foldable Mattress with Back Support, Portable Fold Out Chair Bed Comfy Floor Sofa Lounge for Living Room Bedroom, Green, Single","119.","4.0 out of 5 stars"
"https://amazon.com/BAYKA-Floating-Shelves-Bathroom-Capacity/dp/B0C4KY8TDD/ref=sr_1_6?crid=3IIPALF9Q6F9X&dib=eyJ2IjoiMSJ9.F9Y7dAdZsYnOI_x3nHQEyZFUjr7F9HZLxGKe1oQQlCEk84DgUS6eWCOr5G7EpradzL2LkRuNqoVc7I1HYUcHHav7Bc0pDGXuWoZt_dYvSLzNO97bDFCV2u2HjUvcKmd4whE3HvMUT-Q0WJ2tkhbVRLdrNbNFPvlWXAi6LQTST_rfxpLMUXbkHB_9sZAsPoP3OgOFKY3WPePbluymxm_X7F5wokwbflGy-fWQzIuWiKqkwtkTXQwTSdoLKKA69wIJujKrxOT58AYzXhXzSE0VISGYFzGqkXoSWC37TQuVpis.FF6-S_5KGkl17zt2ruhW_CZE1hxyJHxiYTkv6ultv-c&dib_tag=se&keywords=furniture&qid=1732630752&sprefix=fu%2Caps%2C482&sr=8-6","https://m.media-amazon.com/images/I/717028gLPwL._AC_UL320_.jpg","BAYKA Floating Shelves for Wall, Wall Mounted Rustic Wood Shelves for Bathroom, Bedroom, Living Room, Kitchen, Hanging Shelf for Books/Storage/Room Decor with 22lbs Capacity (White, Set of 3, 16in)","29.","4.3 out of 5 stars"
"https://amazon.com/NeuType-Standing-Oversized-Dressing-Aluminum/dp/B09F3G6CXX/ref=sr_1_7?crid=3IIPALF9Q6F9X&dib=eyJ2IjoiMSJ9.F9Y7dAdZsYnOI_x3nHQEyZFUjr7F9HZLxGKe1oQQlCEk84DgUS6eWCOr5G7EpradzL2LkRuNqoVc7I1HYUcHHav7Bc0pDGXuWoZt_dYvSLzNO97bDFCV2u2HjUvcKmd4whE3HvMUT-Q0WJ2tkhbVRLdrNbNFPvlWXAi6LQTST_rfxpLMUXbkHB_9sZAsPoP3OgOFKY3WPePbluymxm_X7F5wokwbflGy-fWQzIuWiKqkwtkTXQwTSdoLKKA69wIJujKrxOT58AYzXhXzSE0VISGYFzGqkXoSWC37TQuVpis.FF6-S_5KGkl17zt2ruhW_CZE1hxyJHxiYTkv6ultv-c&dib_tag=se&keywords=furniture&qid=1732630752&sprefix=fu%2Caps%2C482&sr=8-7","https://m.media-amazon.com/images/I/718t9c35T3L._AC_UL320_.jpg","NeuType Arched Full Length Mirror Standing Hanging or Leaning Against Wall, Oversized Large Bedroom Mirror Floor Mirror Dressing Mirror, Aluminum Alloy Thin Frame, Gold, 65""x22""","129.","4.1 out of 5 stars"
"https://amazon.com/TRIFEBLE-Charging-Station-Bedside-Bedroom/dp/B0CQTDXXMW/ref=sr_1_8?crid=3IIPALF9Q6F9X&dib=eyJ2IjoiMSJ9.F9Y7dAdZsYnOI_x3nHQEyZFUjr7F9HZLxGKe1oQQlCEk84DgUS6eWCOr5G7EpradzL2LkRuNqoVc7I1HYUcHHav7Bc0pDGXuWoZt_dYvSLzNO97bDFCV2u2HjUvcKmd4whE3HvMUT-Q0WJ2tkhbVRLdrNbNFPvlWXAi6LQTST_rfxpLMUXbkHB_9sZAsPoP3OgOFKY3WPePbluymxm_X7F5wokwbflGy-fWQzIuWiKqkwtkTXQwTSdoLKKA69wIJujKrxOT58AYzXhXzSE0VISGYFzGqkXoSWC37TQuVpis.FF6-S_5KGkl17zt2ruhW_CZE1hxyJHxiYTkv6ultv-c&dib_tag=se&keywords=furniture&qid=1732630752&sprefix=fu%2Caps%2C482&sr=8-8","https://m.media-amazon.com/images/I/815+QZVDNiL._AC_UL320_.jpg","Night Stand Set 2, End Table with Charging Station, LED Bedside Table with Fabric Drawer for Bedroom, 3-Tier Side Table with Open Shelf, Black","59.","4.0 out of 5 stars"
"https://amazon.com/SONGMICS-Storage-Foldable-Space-Saving-Capacity/dp/B07VCNJNB6/ref=sr_1_9?crid=3IIPALF9Q6F9X&dib=eyJ2IjoiMSJ9.F9Y7dAdZsYnOI_x3nHQEyZFUjr7F9HZLxGKe1oQQlCEk84DgUS6eWCOr5G7EpradzL2LkRuNqoVc7I1HYUcHHav7Bc0pDGXuWoZt_dYvSLzNO97bDFCV2u2HjUvcKmd4whE3HvMUT-Q0WJ2tkhbVRLdrNbNFPvlWXAi6LQTST_rfxpLMUXbkHB_9sZAsPoP3OgOFKY3WPePbluymxm_X7F5wokwbflGy-fWQzIuWiKqkwtkTXQwTSdoLKKA69wIJujKrxOT58AYzXhXzSE0VISGYFzGqkXoSWC37TQuVpis.FF6-S_5KGkl17zt2ruhW_CZE1hxyJHxiYTkv6ultv-c&dib_tag=se&keywords=furniture&qid=1732630752&sprefix=fu%2Caps%2C482&sr=8-9","https://m.media-amazon.com/images/I/81yAea765YL._AC_UL320_.jpg","SONGMICS 30 Inches Folding Storage Ottoman Bench, Storage Chest, Foot Rest Stool, Light Gray ULSF47G","36.","4.6 out of 5 stars"
"https://amazon.com/WLIVE-Mid-Century-Console-Entertainment-Storage/dp/B09YRSN3XG/ref=sr_1_10?crid=3IIPALF9Q6F9X&dib=eyJ2IjoiMSJ9.F9Y7dAdZsYnOI_x3nHQEyZFUjr7F9HZLxGKe1oQQlCEk84DgUS6eWCOr5G7EpradzL2LkRuNqoVc7I1HYUcHHav7Bc0pDGXuWoZt_dYvSLzNO97bDFCV2u2HjUvcKmd4whE3HvMUT-Q0WJ2tkhbVRLdrNbNFPvlWXAi6LQTST_rfxpLMUXbkHB_9sZAsPoP3OgOFKY3WPePbluymxm_X7F5wokwbflGy-fWQzIuWiKqkwtkTXQwTSdoLKKA69wIJujKrxOT58AYzXhXzSE0VISGYFzGqkXoSWC37TQuVpis.FF6-S_5KGkl17zt2ruhW_CZE1hxyJHxiYTkv6ultv-c&dib_tag=se&keywords=furniture&qid=1732630752&sprefix=fu%2Caps%2C482&sr=8-10","https://m.media-amazon.com/images/I/81+nGC3hRGL._AC_UL320_.jpg","WLIVE TV Stand for 55 60 inch TV, Mid Century Modern TV Console, Entertainment Center with Storage for Living Room, Retro Brown","99.","4.3 out of 5 stars"
"https://amazon.com/sspa/click?ie=UTF8&spc=MTo1MzQyNDU2NzQxMTE1NjAwOjE3MzI2MzA3NTI6c3BfbXRmOjMwMDUzNzAxOTY3ODQwMjo6MDo6&url=%2FVSMKSJ-Furniture-Apartments-Bistro-Conversation-Removable%2Fdp%2FB0CQ7N4RZ3%2Fref%3Dsr_1_11_sspa%3Fcrid%3D3IIPALF9Q6F9X%26dib%3DeyJ2IjoiMSJ9.F9Y7dAdZsYnOI_x3nHQEyZFUjr7F9HZLxGKe1oQQlCEk84DgUS6eWCOr5G7EpradzL2LkRuNqoVc7I1HYUcHHav7Bc0pDGXuWoZt_dYvSLzNO97bDFCV2u2HjUvcKmd4whE3HvMUT-Q0WJ2tkhbVRLdrNbNFPvlWXAi6LQTST_rfxpLMUXbkHB_9sZAsPoP3OgOFKY3WPePbluymxm_X7F5wokwbflGy-fWQzIuWiKqkwtkTXQwTSdoLKKA69wIJujKrxOT58AYzXhXzSE0VISGYFzGqkXoSWC37TQuVpis.FF6-S_5KGkl17zt2ruhW_CZE1hxyJHxiYTkv6ultv-c%26dib_tag%3Dse%26keywords%3Dfurniture%26qid%3D1732630752%26sprefix%3Dfu%252Caps%252C482%26sr%3D8-11-spons%26sp_csd%3Dd2lkZ2V0TmFtZT1zcF9tdGY%26psc%3D1","https://m.media-amazon.com/images/I/71bMZP-yrnL._AC_UL320_.jpg","3 Pieces Patio Set Balcony Furniture Sets for Apartments.Bistro Furniture Set, Conversation Sets with Coffee Table, for Porch, Patio, Garden and Removable Cushions (Grey)","95.","4.2 out of 5 stars"
"https://amazon.com/sspa/click?ie=UTF8&spc=MTo1MzQyNDU2NzQxMTE1NjAwOjE3MzI2MzA3NTI6c3BfbXRmOjMwMDMyNTM0ODE1MTMwMjo6MDo6&url=%2FOSCHF-Cubby-Shelf-Bookcase-Doors%2Fdp%2FB0CMC85XV7%2Fref%3Dsr_1_12_sspa%3Fcrid%3D3IIPALF9Q6F9X%26dib%3DeyJ2IjoiMSJ9.F9Y7dAdZsYnOI_x3nHQEyZFUjr7F9HZLxGKe1oQQlCEk84DgUS6eWCOr5G7EpradzL2LkRuNqoVc7I1HYUcHHav7Bc0pDGXuWoZt_dYvSLzNO97bDFCV2u2HjUvcKmd4whE3HvMUT-Q0WJ2tkhbVRLdrNbNFPvlWXAi6LQTST_rfxpLMUXbkHB_9sZAsPoP3OgOFKY3WPePbluymxm_X7F5wokwbflGy-fWQzIuWiKqkwtkTXQwTSdoLKKA69wIJujKrxOT58AYzXhXzSE0VISGYFzGqkXoSWC37TQuVpis.FF6-S_5KGkl17zt2ruhW_CZE1hxyJHxiYTkv6ultv-c%26dib_tag%3Dse%26keywords%3Dfurniture%26qid%3D1732630752%26sprefix%3Dfu%252Caps%252C482%26sr%3D8-12-spons%26sp_csd%3Dd2lkZ2V0TmFtZT1zcF9tdGY%26psc%3D1","https://m.media-amazon.com/images/I/81lSkKpnrlL._AC_UL320_.jpg","Cubby Shelf Bookcase with Doors - Wooden 11 Cube Floor Standing Open Bookshelf with Solid Wood Legs, 3-Tier Storage Cabinet, Oak and Warm White","132.","4.2 out of 5 stars"
"https://amazon.com/sspa/click?ie=UTF8&spc=MTo1MzQyNDU2NzQxMTE1NjAwOjE3MzI2MzA3NTI6c3BfbXRmOjMwMDQ2NDI3NTk5NjEwMjo6MDo6&url=%2FExaDesk-Standing-Desk-Adjustable-Workstation%2Fdp%2FB0DDWRHG4V%2Fref%3Dsr_1_13_sspa%3Fcrid%3D3IIPALF9Q6F9X%26dib%3DeyJ2IjoiMSJ9.F9Y7dAdZsYnOI_x3nHQEyZFUjr7F9HZLxGKe1oQQlCEk84DgUS6eWCOr5G7EpradzL2LkRuNqoVc7I1HYUcHHav7Bc0pDGXuWoZt_dYvSLzNO97bDFCV2u2HjUvcKmd4whE3HvMUT-Q0WJ2tkhbVRLdrNbNFPvlWXAi6LQTST_rfxpLMUXbkHB_9sZAsPoP3OgOFKY3WPePbluymxm_X7F5wokwbflGy-fWQzIuWiKqkwtkTXQwTSdoLKKA69wIJujKrxOT58AYzXhXzSE0VISGYFzGqkXoSWC37TQuVpis.FF6-S_5KGkl17zt2ruhW_CZE1hxyJHxiYTkv6ultv-c%26dib_tag%3Dse%26keywords%3Dfurniture%26qid%3D1732630752%26sprefix%3Dfu%252Caps%252C482%26sr%3D8-13-spons%26sp_csd%3Dd2lkZ2V0TmFtZT1zcF9tdGY%26psc%3D1","https://m.media-amazon.com/images/I/71M+HCQnPGL._AC_UL320_.jpg","40 * 24 Electric Standing Desk, Adjustable Height Sit Stand Up Desk, Motorized Home Office Computer Gaming Workstation Desk","109.","4.5 out of 5 stars"
"https://amazon.com/sspa/click?ie=UTF8&spc=MTo1MzQyNDU2NzQxMTE1NjAwOjE3MzI2MzA3NTI6c3BfbXRmOjMwMDM3OTkzMjI1NDUwMjo6MDo6&url=%2FOSCHF-Cubby-Shelf-Bookcase-Doors%2Fdp%2FB0CYGZVLNQ%2Fref%3Dsr_1_14_sspa%3Fcrid%3D3IIPALF9Q6F9X%26dib%3DeyJ2IjoiMSJ9.F9Y7dAdZsYnOI_x3nHQEyZFUjr7F9HZLxGKe1oQQlCEk84DgUS6eWCOr5G7EpradzL2LkRuNqoVc7I1HYUcHHav7Bc0pDGXuWoZt_dYvSLzNO97bDFCV2u2HjUvcKmd4whE3HvMUT-Q0WJ2tkhbVRLdrNbNFPvlWXAi6LQTST_rfxpLMUXbkHB_9sZAsPoP3OgOFKY3WPePbluymxm_X7F5wokwbflGy-fWQzIuWiKqkwtkTXQwTSdoLKKA69wIJujKrxOT58AYzXhXzSE0VISGYFzGqkXoSWC37TQuVpis.FF6-S_5KGkl17zt2ruhW_CZE1hxyJHxiYTkv6ultv-c%26dib_tag%3Dse%26keywords%3Dfurniture%26qid%3D1732630752%26sprefix%3Dfu%252Caps%252C482%26sr%3D8-14-spons%26sp_csd%3Dd2lkZ2V0TmFtZT1zcF9tdGY%26psc%3D1","https://m.media-amazon.com/images/I/71OSfie6DKL._AC_UL320_.jpg","Cubby Shelf Bookcase with Doors - Wooden 8 Cube Floor Standing Open Bookshelf with Solid Wood Legs, 3-Tier Storage Cabinet, Warm White","129.","3.4 out of 5 stars"
"https://amazon.com/Lerliuo-Nightstand-Bedside-End-Bedroom/dp/B0BRQBVKBB/ref=sr_1_15?crid=3IIPALF9Q6F9X&dib=eyJ2IjoiMSJ9.F9Y7dAdZsYnOI_x3nHQEyZFUjr7F9HZLxGKe1oQQlCEk84DgUS6eWCOr5G7EpradzL2LkRuNqoVc7I1HYUcHHav7Bc0pDGXuWoZt_dYvSLzNO97bDFCV2u2HjUvcKmd4whE3HvMUT-Q0WJ2tkhbVRLdrNbNFPvlWXAi6LQTST_rfxpLMUXbkHB_9sZAsPoP3OgOFKY3WPePbluymxm_X7F5wokwbflGy-fWQzIuWiKqkwtkTXQwTSdoLKKA69wIJujKrxOT58AYzXhXzSE0VISGYFzGqkXoSWC37TQuVpis.FF6-S_5KGkl17zt2ruhW_CZE1hxyJHxiYTkv6ultv-c&dib_tag=se&keywords=furniture&qid=1732630752&sprefix=fu%2Caps%2C482&sr=8-15","https://m.media-amazon.com/images/I/71jNXilwdaL._AC_UL320_.jpg","Lerliuo Rattan Nightstand, Boho Side Table with Drawer Open Shelf, Cane Accent Bedside End Table with Solid Wood Legs for Bedroom, Dorm and Small Spaces (Natural)","37.","4.2 out of 5 stars"
"https://amazon.com/SPACELEAD-Storage-Organizer-Shelving-Bathroom/dp/B0CZNM9QRN/ref=sr_1_16?crid=3IIPALF9Q6F9X&dib=eyJ2IjoiMSJ9.F9Y7dAdZsYnOI_x3nHQEyZFUjr7F9HZLxGKe1oQQlCEk84DgUS6eWCOr5G7EpradzL2LkRuNqoVc7I1HYUcHHav7Bc0pDGXuWoZt_dYvSLzNO97bDFCV2u2HjUvcKmd4whE3HvMUT-Q0WJ2tkhbVRLdrNbNFPvlWXAi6LQTST_rfxpLMUXbkHB_9sZAsPoP3OgOFKY3WPePbluymxm_X7F5wokwbflGy-fWQzIuWiKqkwtkTXQwTSdoLKKA69wIJujKrxOT58AYzXhXzSE0VISGYFzGqkXoSWC37TQuVpis.FF6-S_5KGkl17zt2ruhW_CZE1hxyJHxiYTkv6ultv-c&dib_tag=se&keywords=furniture&qid=1732630752&sprefix=fu%2Caps%2C482&sr=8-16","https://m.media-amazon.com/images/I/71KRLSqz6QL._AC_UL320_.jpg","SPACELEAD Slim Storage Cart 4 Tier, Storage Organizer Rolling Utility/Mobile Shelving Unit Slide Out Storage Cart for Office, Bathroom, Kitchen, Laundry Room & Narrow Placesï¼Œ Green","19.","4.2 out of 5 stars"
"https://amazon.com/Furnulem-Nightstand-Drawers-Charging-Brown/dp/B0CRL8FCBQ/ref=sr_1_17?crid=3IIPALF9Q6F9X&dib=eyJ2IjoiMSJ9.F9Y7dAdZsYnOI_x3nHQEyZFUjr7F9HZLxGKe1oQQlCEk84DgUS6eWCOr5G7EpradzL2LkRuNqoVc7I1HYUcHHav7Bc0pDGXuWoZt_dYvSLzNO97bDFCV2u2HjUvcKmd4whE3HvMUT-Q0WJ2tkhbVRLdrNbNFPvlWXAi6LQTST_rfxpLMUXbkHB_9sZAsPoP3OgOFKY3WPePbluymxm_X7F5wokwbflGy-fWQzIuWiKqkwtkTXQwTSdoLKKA69wIJujKrxOT58AYzXhXzSE0VISGYFzGqkXoSWC37TQuVpis.FF6-S_5KGkl17zt2ruhW_CZE1hxyJHxiYTkv6ultv-c&dib_tag=se&keywords=furniture&qid=1732630752&sprefix=fu%2Caps%2C482&sr=8-17","https://m.media-amazon.com/images/I/71DOKFBzOYL._AC_UL320_.jpg","Furnulem Tall Nightstand with Charging Station, Night Stands with LED Lights and Storage Shelves, Bed Side Table for Bedroom, Hallway, Office, 4 Fabric Drawers, Rustic Brown","53.","4.0 out of 5 stars"
"https://amazon.com/EUDELE-Adhesive-Organizer-Rustproof-Stainless/dp/B0BLSCY6PR/ref=sr_1_18?crid=3IIPALF9Q6F9X&dib=eyJ2IjoiMSJ9.F9Y7dAdZsYnOI_x3nHQEyZFUjr7F9HZLxGKe1oQQlCEk84DgUS6eWCOr5G7EpradzL2LkRuNqoVc7I1HYUcHHav7Bc0pDGXuWoZt_dYvSLzNO97bDFCV2u2HjUvcKmd4whE3HvMUT-Q0WJ2tkhbVRLdrNbNFPvlWXAi6LQTST_rfxpLMUXbkHB_9sZAsPoP3OgOFKY3WPePbluymxm_X7F5wokwbflGy-fWQzIuWiKqkwtkTXQwTSdoLKKA69wIJujKrxOT58AYzXhXzSE0VISGYFzGqkXoSWC37TQuVpis.FF6-S_5KGkl17zt2ruhW_CZE1hxyJHxiYTkv6ultv-c&dib_tag=se&keywords=furniture&qid=1732630752&sprefix=fu%2Caps%2C482&sr=8-18","https://m.media-amazon.com/images/I/81v4Q00FOyL._AC_UL320_.jpg","Adhesive Shower Caddy, 5 Pack Rustproof Stainless Steel Bath Organizers With Large Capacity, No Drilling Shelves for Bathroom Storage & Home Decor","16.","4.5 out of 5 stars"
"https://amazon.com/sspa/click?ie=UTF8&spc=MTo1MzQyNDU2NzQxMTE1NjAwOjE3MzI2MzA3NTI6c3BfbXRmOjMwMDE4OTYzOTE0NDUwMjo6MDo6&url=%2FHAOMAIJIA-Washable-sectional-Furniture-Protector%2Fdp%2FB0CRDL4CZB%2Fref%3Dsr_1_19_sspa%3Fcrid%3D3IIPALF9Q6F9X%26dib%3DeyJ2IjoiMSJ9.F9Y7dAdZsYnOI_x3nHQEyZFUjr7F9HZLxGKe1oQQlCEk84DgUS6eWCOr5G7EpradzL2LkRuNqoVc7I1HYUcHHav7Bc0pDGXuWoZt_dYvSLzNO97bDFCV2u2HjUvcKmd4whE3HvMUT-Q0WJ2tkhbVRLdrNbNFPvlWXAi6LQTST_rfxpLMUXbkHB_9sZAsPoP3OgOFKY3WPePbluymxm_X7F5wokwbflGy-fWQzIuWiKqkwtkTXQwTSdoLKKA69wIJujKrxOT58AYzXhXzSE0VISGYFzGqkXoSWC37TQuVpis.FF6-S_5KGkl17zt2ruhW_CZE1hxyJHxiYTkv6ultv-c%26dib_tag%3Dse%26keywords%3Dfurniture%26qid%3D1732630752%26sprefix%3Dfu%252Caps%252C482%26sr%3D8-19-spons%26sp_csd%3Dd2lkZ2V0TmFtZT1zcF9tdGY%26psc%3D1","https://m.media-amazon.com/images/I/81EhyEPj84L._AC_UL320_.jpg","HAOMAIJIA Non Slip Couch Cover Sofa Covers for 3 Cushion Couch Washable sectional Couch Covers for Dogs pet Furniture Protector Couch Cover Blanket for Living Room (Brown, 91""x134"")","49.","4.6 out of 5 stars"
"https://amazon.com/sspa/click?ie=UTF8&spc=MTo1MzQyNDU2NzQxMTE1NjAwOjE3MzI2MzA3NTI6c3BfbXRmOjMwMDQ4NDYxMTY5MTIwMjo6MDo6&url=%2FAobafuir-Nightstand-Charging-Station-Farmhouse%2Fdp%2FB0CT8TPNKH%2Fref%3Dsr_1_20_sspa%3Fcrid%3D3IIPALF9Q6F9X%26dib%3DeyJ2IjoiMSJ9.F9Y7dAdZsYnOI_x3nHQEyZFUjr7F9HZLxGKe1oQQlCEk84DgUS6eWCOr5G7EpradzL2LkRuNqoVc7I1HYUcHHav7Bc0pDGXuWoZt_dYvSLzNO97bDFCV2u2HjUvcKmd4whE3HvMUT-Q0WJ2tkhbVRLdrNbNFPvlWXAi6LQTST_rfxpLMUXbkHB_9sZAsPoP3OgOFKY3WPePbluymxm_X7F5wokwbflGy-fWQzIuWiKqkwtkTXQwTSdoLKKA69wIJujKrxOT58AYzXhXzSE0VISGYFzGqkXoSWC37TQuVpis.FF6-S_5KGkl17zt2ruhW_CZE1hxyJHxiYTkv6ultv-c%26dib_tag%3Dse%26keywords%3Dfurniture%26qid%3D1732630752%26sprefix%3Dfu%252Caps%252C482%26sr%3D8-20-spons%26sp_csd%3Dd2lkZ2V0TmFtZT1zcF9tdGY%26psc%3D1","https://m.media-amazon.com/images/I/71ai5IhRsZL._AC_UL320_.jpg","Wood Nightstand, Night Stand for Bedroom, Bedside Table with Drawers, Farmhouse End Table with Storage for Living Room (Retro)","49.","4.4 out of 5 stars"
"https://amazon.com/sspa/click?ie=UTF8&spc=MTo1MzQyNDU2NzQxMTE1NjAwOjE3MzI2MzA3NTI6c3BfbXRmOjMwMDA3NDgxNDU1MjEwMjo6MDo6&url=%2FLerliuo-Nightstand-Charging-Station-Storage%2Fdp%2FB0CFLP9G6D%2Fref%3Dsr_1_21_sspa%3Fcrid%3D3IIPALF9Q6F9X%26dib%3DeyJ2IjoiMSJ9.F9Y7dAdZsYnOI_x3nHQEyZFUjr7F9HZLxGKe1oQQlCEk84DgUS6eWCOr5G7EpradzL2LkRuNqoVc7I1HYUcHHav7Bc0pDGXuWoZt_dYvSLzNO97bDFCV2u2HjUvcKmd4whE3HvMUT-Q0WJ2tkhbVRLdrNbNFPvlWXAi6LQTST_rfxpLMUXbkHB_9sZAsPoP3OgOFKY3WPePbluymxm_X7F5wokwbflGy-fWQzIuWiKqkwtkTXQwTSdoLKKA69wIJujKrxOT58AYzXhXzSE0VISGYFzGqkXoSWC37TQuVpis.FF6-S_5KGkl17zt2ruhW_CZE1hxyJHxiYTkv6ultv-c%26dib_tag%3Dse%26keywords%3Dfurniture%26qid%3D1732630752%26sprefix%3Dfu%252Caps%252C482%26sr%3D8-21-spons%26sp_csd%3Dd2lkZ2V0TmFtZT1zcF9tdGY%26psc%3D1","https://m.media-amazon.com/images/I/71ELnjC2pUL._AC_UL320_.jpg","Lerliuo Nightstand Set of 2 with Charging Station and USB Ports, 3-Tier Storage End Table with Drawer Shelf, Night Stand for Small Spaces, Wood Bedside Table for Living Room, Bedroom - Natural Wood","67.","4.3 out of 5 stars"
"https://amazon.com/sspa/click?ie=UTF8&spc=MTo1MzQyNDU2NzQxMTE1NjAwOjE3MzI2MzA3NTI6c3BfbXRmOjMwMDM4MDA0ODkzODEwMjo6MDo6&url=%2FOSCHF-Wide-Open-Shelf-Bookcase%2Fdp%2FB0CHVDFPLM%2Fref%3Dsr_1_22_sspa%3Fcrid%3D3IIPALF9Q6F9X%26dib%3DeyJ2IjoiMSJ9.F9Y7dAdZsYnOI_x3nHQEyZFUjr7F9HZLxGKe1oQQlCEk84DgUS6eWCOr5G7EpradzL2LkRuNqoVc7I1HYUcHHav7Bc0pDGXuWoZt_dYvSLzNO97bDFCV2u2HjUvcKmd4whE3HvMUT-Q0WJ2tkhbVRLdrNbNFPvlWXAi6LQTST_rfxpLMUXbkHB_9sZAsPoP3OgOFKY3WPePbluymxm_X7F5wokwbflGy-fWQzIuWiKqkwtkTXQwTSdoLKKA69wIJujKrxOT58AYzXhXzSE0VISGYFzGqkXoSWC37TQuVpis.FF6-S_5KGkl17zt2ruhW_CZE1hxyJHxiYTkv6ultv-c%26dib_tag%3Dse%26keywords%3Dfurniture%26qid%3D1732630752%26sprefix%3Dfu%252Caps%252C482%26sr%3D8-22-spons%26sp_csd%3Dd2lkZ2V0TmFtZT1zcF9tdGY%26psc%3D1","https://m.media-amazon.com/images/I/71Qd5Bs8vEL._AC_UL320_.jpg","Wide Open Shelf Bookcase - Modern 5-Tier Floor Standing Display Bookshelf with Three-Side Baffles and Metal Frame for Home and Office, Storage Shelving, Warm White","103.","4.4 out of 5 stars"
"https://amazon.com/Industrial-Table-Lamps-Bedrooms-Set/dp/B0C3CMG9D8/ref=sr_1_23?crid=3IIPALF9Q6F9X&dib=eyJ2IjoiMSJ9.F9Y7dAdZsYnOI_x3nHQEyZFUjr7F9HZLxGKe1oQQlCEk84DgUS6eWCOr5G7EpradzL2LkRuNqoVc7I1HYUcHHav7Bc0pDGXuWoZt_dYvSLzNO97bDFCV2u2HjUvcKmd4whE3HvMUT-Q0WJ2tkhbVRLdrNbNFPvlWXAi6LQTST_rfxpLMUXbkHB_9sZAsPoP3OgOFKY3WPePbluymxm_X7F5wokwbflGy-fWQzIuWiKqkwtkTXQwTSdoLKKA69wIJujKrxOT58AYzXhXzSE0VISGYFzGqkXoSWC37TQuVpis.FF6-S_5KGkl17zt2ruhW_CZE1hxyJHxiYTkv6ultv-c&dib_tag=se&keywords=furniture&qid=1732630752&sprefix=fu%2Caps%2C482&sr=8-23","https://m.media-amazon.com/images/I/71s0Cn5QR0L._AC_UL320_.jpg","Industrial Table Lamps for Bedrooms Set of 2 - Fully Dimmable Bedside Lamps with USB A and C Ports and Outlet, Black Nightstand Lamps with Glass Shade for Living Room, Desk Lamps for Office Reading","39.","4.6 out of 5 stars"
"https://amazon.com/Livilord-Storage-Freestanding-Bathroom-Shelves/dp/B0DCZVH1X4/ref=sr_1_24?crid=3IIPALF9Q6F9X&dib=eyJ2IjoiMSJ9.F9Y7dAdZsYnOI_x3nHQEyZFUjr7F9HZLxGKe1oQQlCEk84DgUS6eWCOr5G7EpradzL2LkRuNqoVc7I1HYUcHHav7Bc0pDGXuWoZt_dYvSLzNO97bDFCV2u2HjUvcKmd4whE3HvMUT-Q0WJ2tkhbVRLdrNbNFPvlWXAi6LQTST_rfxpLMUXbkHB_9sZAsPoP3OgOFKY3WPePbluymxm_X7F5wokwbflGy-fWQzIuWiKqkwtkTXQwTSdoLKKA69wIJujKrxOT58AYzXhXzSE0VISGYFzGqkXoSWC37TQuVpis.FF6-S_5KGkl17zt2ruhW_CZE1hxyJHxiYTkv6ultv-c&dib_tag=se&keywords=furniture&qid=1732630752&sprefix=fu%2Caps%2C482&sr=8-24","https://m.media-amazon.com/images/I/71HSNfgN6LL._AC_UL320_.jpg","Over Toilet Storage Shelf, 3-Tier Freestanding Over The Toilet Storage, Metal Bathroom Shelves with Paper Holder and 4 Hooks, Above Toilet Shelf for Bathroom Storage, Black","36.","4.8 out of 5 stars"
"https://amazon.com/COLAMY-Wingback-Upholstered-Armchair-Bedroom/dp/B0CLCKC2RR/ref=sr_1_25?crid=3IIPALF9Q6F9X&dib=eyJ2IjoiMSJ9.F9Y7dAdZsYnOI_x3nHQEyZFUjr7F9HZLxGKe1oQQlCEk84DgUS6eWCOr5G7EpradzL2LkRuNqoVc7I1HYUcHHav7Bc0pDGXuWoZt_dYvSLzNO97bDFCV2u2HjUvcKmd4whE3HvMUT-Q0WJ2tkhbVRLdrNbNFPvlWXAi6LQTST_rfxpLMUXbkHB_9sZAsPoP3OgOFKY3WPePbluymxm_X7F5wokwbflGy-fWQzIuWiKqkwtkTXQwTSdoLKKA69wIJujKrxOT58AYzXhXzSE0VISGYFzGqkXoSWC37TQuVpis.FF6-S_5KGkl17zt2ruhW_CZE1hxyJHxiYTkv6ultv-c&dib_tag=se&keywords=furniture&qid=1732630752&sprefix=fu%2Caps%2C482&sr=8-25","https://m.media-amazon.com/images/I/814Ea6pAtbL._AC_UL320_.jpg","COLAMY Modern Wingback Living Room Chair, Upholstered Fabric Accent Armchair, Single Sofa Chair with Lounge Seat and Wood Legs for Bedroom/Office/Reading Spaces, Beige","","4.4 out of 5 stars"
"https://amazon.com/VTRIN-Organizer-Entryway-Storage-Durable/dp/B09L6Z6679/ref=sr_1_26?crid=3IIPALF9Q6F9X&dib=eyJ2IjoiMSJ9.F9Y7dAdZsYnOI_x3nHQEyZFUjr7F9HZLxGKe1oQQlCEk84DgUS6eWCOr5G7EpradzL2LkRuNqoVc7I1HYUcHHav7Bc0pDGXuWoZt_dYvSLzNO97bDFCV2u2HjUvcKmd4whE3HvMUT-Q0WJ2tkhbVRLdrNbNFPvlWXAi6LQTST_rfxpLMUXbkHB_9sZAsPoP3OgOFKY3WPePbluymxm_X7F5wokwbflGy-fWQzIuWiKqkwtkTXQwTSdoLKKA69wIJujKrxOT58AYzXhXzSE0VISGYFzGqkXoSWC37TQuVpis.FF6-S_5KGkl17zt2ruhW_CZE1hxyJHxiYTkv6ultv-c&dib_tag=se&keywords=furniture&qid=1732630752&sprefix=fu%2Caps%2C482&sr=8-26","https://m.media-amazon.com/images/I/61jiYKWngZL._AC_UL320_.jpg","VTRIN Vertical Narrow Shoe Rack Organizer Tall Shoe Rack for Closet Entryway 10 Tier Non-Woven Cover Shoe Shelf Holds 20-22 Pairs Fr","24.","4.4 out of 5 stars"
"https://amazon.com/sspa/click?ie=UTF8&spc=MTo1MzQyNDU2NzQxMTE1NjAwOjE3MzI2MzA3NTI6c3BfbXRmOjMwMDM3Mjk5NjMyMzAwMjo6MDo6&url=%2FSUPERJARE-Nightstand-Charging-Station-Adjustable%2Fdp%2FB0BDFSBTHC%2Fref%3Dsr_1_27_sspa%3Fcrid%3D3IIPALF9Q6F9X%26dib%3DeyJ2IjoiMSJ9.F9Y7dAdZsYnOI_x3nHQEyZFUjr7F9HZLxGKe1oQQlCEk84DgUS6eWCOr5G7EpradzL2LkRuNqoVc7I1HYUcHHav7Bc0pDGXuWoZt_dYvSLzNO97bDFCV2u2HjUvcKmd4whE3HvMUT-Q0WJ2tkhbVRLdrNbNFPvlWXAi6LQTST_rfxpLMUXbkHB_9sZAsPoP3OgOFKY3WPePbluymxm_X7F5wokwbflGy-fWQzIuWiKqkwtkTXQwTSdoLKKA69wIJujKrxOT58AYzXhXzSE0VISGYFzGqkXoSWC37TQuVpis.FF6-S_5KGkl17zt2ruhW_CZE1hxyJHxiYTkv6ultv-c%26dib_tag%3Dse%26keywords%3Dfurniture%26qid%3D1732630752%26sprefix%3Dfu%252Caps%252C482%26sr%3D8-27-spons%26sp_csd%3Dd2lkZ2V0TmFtZT1zcF9tdGY%26psc%3D1","https://m.media-amazon.com/images/I/81xLT3oAVCL._AC_UL320_.jpg","SUPERJARE Nightstand with Charging Station, Bed Side Table with Adjustable Fabric Drawer, Night Stand for Bedroom, 3-Tier Storage End Table, for Living Room, Charcoal Gray","39.","4.5 out of 5 stars"
"https://amazon.com/sspa/click?ie=UTF8&spc=MTo1MzQyNDU2NzQxMTE1NjAwOjE3MzI2MzA3NTI6c3BfbXRmOjMwMDQxOTcwMDcxOTkwMjo6MDo6&url=%2FFurnulem-Nightstand-Shelves-Charging-Bookshelf%2Fdp%2FB0D2X9FJK1%2Fref%3Dsr_1_28_sspa%3Fcrid%3D3IIPALF9Q6F9X%26dib%3DeyJ2IjoiMSJ9.F9Y7dAdZsYnOI_x3nHQEyZFUjr7F9HZLxGKe1oQQlCEk84DgUS6eWCOr5G7EpradzL2LkRuNqoVc7I1HYUcHHav7Bc0pDGXuWoZt_dYvSLzNO97bDFCV2u2HjUvcKmd4whE3HvMUT-Q0WJ2tkhbVRLdrNbNFPvlWXAi6LQTST_rfxpLMUXbkHB_9sZAsPoP3OgOFKY3WPePbluymxm_X7F5wokwbflGy-fWQzIuWiKqkwtkTXQwTSdoLKKA69wIJujKrxOT58AYzXhXzSE0VISGYFzGqkXoSWC37TQuVpis.FF6-S_5KGkl17zt2ruhW_CZE1hxyJHxiYTkv6ultv-c%26dib_tag%3Dse%26keywords%3Dfurniture%26qid%3D1732630752%26sprefix%3Dfu%252Caps%252C482%26sr%3D8-28-spons%26sp_csd%3Dd2lkZ2V0TmFtZT1zcF9tdGY%26psc%3D1%26smid%3DA1M20GRGDB1MLD","https://m.media-amazon.com/images/I/61dhG3pYYOL._AC_UL320_.jpg","Furnulem Tall Nightstand with 4-Tier Shelves, Night Stand with 3 Fabric Drawers and Charging Station, Bedside Shelf with LED Light, Bed Side Table for Bedroom, Home Office, Dorm (Black Oak)","55.","4.1 out of 5 stars"
"https://amazon.com/sspa/click?ie=UTF8&spc=MTo1MzQyNDU2NzQxMTE1NjAwOjE3MzI2MzA3NTI6c3BfbXRmOjMwMDUzOTExNjI0NzEwMjo6MDo6&url=%2FFATORRI-Rustic-Bookshelf-Industrial-Bookcase%2Fdp%2FB0CZQ46P8P%2Fref%3Dsr_1_29_sspa%3Fcrid%3D3IIPALF9Q6F9X%26dib%3DeyJ2IjoiMSJ9.F9Y7dAdZsYnOI_x3nHQEyZFUjr7F9HZLxGKe1oQQlCEk84DgUS6eWCOr5G7EpradzL2LkRuNqoVc7I1HYUcHHav7Bc0pDGXuWoZt_dYvSLzNO97bDFCV2u2HjUvcKmd4whE3HvMUT-Q0WJ2tkhbVRLdrNbNFPvlWXAi6LQTST_rfxpLMUXbkHB_9sZAsPoP3OgOFKY3WPePbluymxm_X7F5wokwbflGy-fWQzIuWiKqkwtkTXQwTSdoLKKA69wIJujKrxOT58AYzXhXzSE0VISGYFzGqkXoSWC37TQuVpis.FF6-S_5KGkl17zt2ruhW_CZE1hxyJHxiYTkv6ultv-c%26dib_tag%3Dse%26keywords%3Dfurniture%26qid%3D1732630752%26sprefix%3Dfu%252Caps%252C482%26sr%3D8-29-spons%26sp_csd%3Dd2lkZ2V0TmFtZT1zcF9tdGY%26psc%3D1","https://m.media-amazon.com/images/I/71IGC4-eXxL._AC_UL320_.jpg","FATORRI Rustic Bookshelf with Drawer, Industrial Wood and Metal Bookcase, Small Book Shelf and Low Book case for Small Space (Rustic Oak)","145.","4.9 out of 5 stars"
"https://amazon.com/VASAGLE-Modern-Nightstand-Fabric-ULET223K67/dp/B0CR6M1HBW/ref=sr_1_30?crid=3IIPALF9Q6F9X&dib=eyJ2IjoiMSJ9.F9Y7dAdZsYnOI_x3nHQEyZFUjr7F9HZLxGKe1oQQlCEk84DgUS6eWCOr5G7EpradzL2LkRuNqoVc7I1HYUcHHav7Bc0pDGXuWoZt_dYvSLzNO97bDFCV2u2HjUvcKmd4whE3HvMUT-Q0WJ2tkhbVRLdrNbNFPvlWXAi6LQTST_rfxpLMUXbkHB_9sZAsPoP3OgOFKY3WPePbluymxm_X7F5wokwbflGy-fWQzIuWiKqkwtkTXQwTSdoLKKA69wIJujKrxOT58AYzXhXzSE0VISGYFzGqkXoSWC37TQuVpis.FF6-S_5KGkl17zt2ruhW_CZE1hxyJHxiYTkv6ultv-c&dib_tag=se&keywords=furniture&qid=1732630752&sprefix=fu%2Caps%2C482&sr=8-30","https://m.media-amazon.com/images/I/71HTpJpD3tL._AC_UL320_.jpg","VASAGLE End Table, Small Bedside Table with Fabric Basket, Modern Nightstand, Round Side Table, for Living Room, Bedroom, Cream White ULET223K67","42.","4.6 out of 5 stars"
